{"cameraMode":{"drawMode":0,"name":"Shaded","section":"Shading Mode"},"sceneLighting":false,"audioPlay":false,"sceneViewState":{"showFog":true,"showMaterialUpdate":false,"showSkybox":true,"showFlares":true,"showImageEffects":true,"showParticleSystems":true,"showVisualEffectGraphs":true,"m_FxEnabled":true},"in2DMode":false,"pivot":{"x":0.15614652633666993,"y":0.5596699714660645,"z":0.019135236740112306},"rotation":{"x":-0.0282782893627882,"y":-0.9668934941291809,"z":0.2216121107339859,"w":-0.12335570901632309},"size":16.12503433227539,"orthographic":false}